time_index,time_iso,srdm_isoangle_deg,rate_ne1
0,2024-08-08T00:00:00.000,64.6714446149156,2.7806630911890884e-27
1,2024-08-08T00:10:00.000,62.37942545525604,2.780668142559529e-27
2,2024-08-08T00:20:00.000,60.08342030445496,2.7806731765502506e-27
3,2024-08-08T00:30:00.000,57.7838692806344,2.7806782076277964e-27
4,2024-08-08T00:40:00.000,55.481209554179664,2.780683143069989e-27
5,2024-08-08T00:50:00.000,53.17588136736146,2.7806879701789918e-27
6,2024-08-08T01:00:00.000,50.86833497291418,2.780692781270557e-27
7,2024-08-08T01:10:00.000,48.55903887942683,2.780697531518593e-27
8,2024-08-08T01:20:00.000,46.248489933971086,2.780702282684486e-27
9,2024-08-08T01:30:00.000,43.93722598331853,2.7807069339559624e-27
10,2024-08-08T01:40:00.000,41.625842170174785,2.7807115854686546e-27
11,2024-08-08T01:50:00.000,39.31501240046923,2.7807160990271055e-27
12,2024-08-08T02:00:00.000,37.00551826000623,2.7807205738396196e-27
13,2024-08-08T02:10:00.000,34.698288832836354,2.7807269256555147e-27
14,2024-08-08T02:20:00.000,32.394456771813886,2.780734719275863e-27
15,2024-08-08T02:30:00.000,30.095439120038847,2.780742643193553e-27
16,2024-08-08T02:40:00.000,27.80305674835578,2.7807508392320297e-27
17,2024-08-08T02:50:00.000,25.519715704090288,2.7807588592165007e-27
18,2024-08-08T03:00:00.000,23.248690894134654,2.780765301296054e-27
19,2024-08-08T03:10:00.000,20.99458476818205,2.7807716953833938e-27
20,2024-08-08T03:20:00.000,18.764096707178254,2.7807767695799066e-27
21,2024-08-08T03:30:00.000,16.567366852829124,2.78078147807456e-27
22,2024-08-08T03:40:00.000,14.42042695250926,2.7807858593125126e-27
23,2024-08-08T03:50:00.000,12.349864016085775,2.780789844434187e-27
24,2024-08-08T04:00:00.000,10.401973412385829,2.780793593453803e-27
25,2024-08-08T04:10:00.000,8.66049301852911,2.7807956574160575e-27
26,2024-08-08T04:20:00.000,7.275694048534433,2.780797225394425e-27
27,2024-08-08T04:30:00.000,6.480800669493391,2.7807981254352613e-27
28,2024-08-08T04:40:00.000,6.496302888908758,2.7807981078824286e-27
29,2024-08-08T04:50:00.000,7.317075107693398,2.7807971785395336e-27
30,2024-08-08T05:00:00.000,8.718470179495355,2.7807955917697533e-27
31,2024-08-08T05:10:00.000,10.469673782892414,2.7807934631538692e-27
32,2024-08-08T05:20:00.000,12.423365228184153,2.780789702969628e-27
33,2024-08-08T05:30:00.000,14.497604170260573,2.7807857107729066e-27
34,2024-08-08T05:40:00.000,16.64704839414756,2.7807813072842782e-27
35,2024-08-08T05:50:00.000,18.845614597500955,2.780776594853574e-27
36,2024-08-08T06:00:00.000,21.077547132762845,2.7807714600490413e-27
37,2024-08-08T06:10:00.000,23.332864355984498,2.780765062526255e-27
38,2024-08-08T06:20:00.000,25.604962160207307,2.7807586174030033e-27
39,2024-08-08T06:30:00.000,27.88929788511851,2.7807505308909416e-27
40,2024-08-08T06:40:00.000,30.18263566764903,2.7807423314365498e-27
41,2024-08-08T06:50:00.000,32.48259592155759,2.7807344211104355e-27
42,2024-08-08T07:00:00.000,34.787376355550094,2.7807266242818418e-27
43,2024-08-08T07:10:00.000,37.09557343101221,2.78072039935119e-27
44,2024-08-08T07:20:00.000,39.40606465564656,2.7807159226067527e-27
45,2024-08-08T07:30:00.000,41.71792886203197,2.780711400150053e-27
46,2024-08-08T07:40:00.000,44.03039085543319,2.780706746467592e-27
47,2024-08-08T07:50:00.000,46.34278207659668,2.7807020903837615e-27
48,2024-08-08T08:00:00.000,48.65451201516765,2.780697335129279e-27
49,2024-08-08T08:10:00.000,50.96504697415023,2.7806925823328826e-27
50,2024-08-08T08:20:00.000,53.27389394008399,2.7806877649512178e-27
51,2024-08-08T08:30:00.000,55.580588044180395,2.780682934982131e-27
52,2024-08-08T08:40:00.000,57.88468257170598,2.7806779870632255e-27
53,2024-08-08T08:50:00.000,60.18574078767939,2.7806729526881658e-27
54,2024-08-08T09:00:00.000,62.483329054482454,2.7806679135668665e-27
55,2024-08-08T09:10:00.000,64.77701085799181,2.7806628585321327e-27
56,2024-08-08T09:20:00.000,67.06634145518136,2.7806578950117363e-27
57,2024-08-08T09:30:00.000,69.35086292278501,2.7806537548120154e-27
58,2024-08-08T09:40:00.000,71.63009943259387,2.780649624190134e-27
59,2024-08-08T09:50:00.000,73.90355261065713,2.780645992094148e-27
60,2024-08-08T10:00:00.000,76.17069685878258,2.7806424646516535e-27
61,2024-08-08T10:10:00.000,78.43097453074888,2.7806390337230147e-27
62,2024-08-08T10:20:00.000,80.6837908634846,2.78063567868352e-27
63,2024-08-08T10:30:00.000,82.92850856732352,2.7806323203335557e-27
64,2024-08-08T10:40:00.000,85.16444197950158,2.7806289369681702e-27
65,2024-08-08T10:50:00.000,87.39085068231755,2.780625568015366e-27
66,2024-08-08T11:00:00.000,89.60693248207772,2.780622201337595e-27
67,2024-08-08T11:10:00.000,91.81181563750407,2.7806188514428098e-27
68,2024-08-08T11:20:00.000,94.0045502169195,2.7806155287891153e-27
69,2024-08-08T11:30:00.000,96.18409845247699,2.780612230744412e-27
70,2024-08-08T11:40:00.000,98.34932394759026,2.7806089695585883e-27
71,2024-08-08T11:50:00.000,100.49897958055413,2.7806057681526258e-27
72,2024-08-08T12:00:00.000,102.63169393455964,2.78060259197671e-27
73,2024-08-08T12:10:00.000,104.7459560723174,2.780599317425147e-27
74,2024-08-08T12:20:00.000,106.8400984644997,2.7805960591556626e-27
75,2024-08-08T12:30:00.000,108.91227787747823,2.7805926011627304e-27
76,2024-08-08T12:40:00.000,110.96045403066924,2.780588889287602e-27
77,2024-08-08T12:50:00.000,112.98236585242012,2.7805852250108793e-27
78,2024-08-08T13:00:00.000,114.97550520260494,2.7805808951905798e-27
79,2024-08-08T13:10:00.000,116.93708799893423,2.7805765720672683e-27
80,2024-08-08T13:20:00.000,118.86402279548636,2.780572334582491e-27
81,2024-08-08T13:30:00.000,120.75287703166771,2.780568202048741e-27
82,2024-08-08T13:40:00.000,122.59984141834528,2.780564161163788e-27
83,2024-08-08T13:50:00.000,124.40069327930811,2.7805603125065777e-27
84,2024-08-08T14:00:00.000,126.15076014749144,2.780556648054966e-27
85,2024-08-08T14:10:00.000,127.84488555313415,2.7805531007387538e-27
86,2024-08-08T14:20:00.000,129.4773997550745,2.780549715842967e-27
87,2024-08-08T14:30:00.000,131.0420991596447,2.7805464972386748e-27
88,2024-08-08T14:40:00.000,132.53223931172198,2.7805434320036044e-27
89,2024-08-08T14:50:00.000,133.9405475405997,2.7805405451833302e-27
90,2024-08-08T15:00:00.000,135.25926242314927,2.780537891353614e-27
91,2024-08-08T15:10:00.000,136.4802079004658,2.780535434278599e-27
92,2024-08-08T15:20:00.000,137.59490974020616,2.7805331910121383e-27
93,2024-08-08T15:30:00.000,138.59476056986801,2.780531178876021e-27
94,2024-08-08T15:40:00.000,139.4712364128328,2.780529460997538e-27
95,2024-08-08T15:50:00.000,140.21616222300827,2.7805280176497074e-27
96,2024-08-08T16:00:00.000,140.82201646548637,2.7805268437631346e-27
97,2024-08-08T16:10:00.000,141.28225616631363,2.780525952015306e-27
98,2024-08-08T16:20:00.000,141.59163570746324,2.7805253525699875e-27
99,2024-08-08T16:30:00.000,141.74648722978847,2.7805250525339226e-27
100,2024-08-08T16:40:00.000,141.74493006044744,2.7805250555510512e-27
101,2024-08-08T16:50:00.000,141.58698240722288,2.7805253615860944e-27
102,2024-08-08T17:00:00.000,141.27456024800932,2.7805259669267063e-27
103,2024-08-08T17:10:00.000,140.8113635686171,2.7805268644038956e-27
104,2024-08-08T17:20:00.000,140.2026652900259,2.780528043800995e-27
105,2024-08-08T17:30:00.000,139.45502981513,2.7805294923989972e-27
106,2024-08-08T17:40:00.000,138.5759938271207,2.7805312166428957e-27
107,2024-08-08T17:50:00.000,137.57374141253072,2.7805332336120497e-27
108,2024-08-08T18:00:00.000,136.4568000932082,2.7805354813853205e-27
109,2024-08-08T18:10:00.000,135.23377617527748,2.7805379426430644e-27
110,2024-08-08T18:20:00.000,133.91313920849075,2.780540600340853e-27
111,2024-08-08T18:30:00.000,132.50305793481516,2.7805434920300254e-27
112,2024-08-08T18:40:00.000,131.0112847111488,2.780546560624342e-27
113,2024-08-08T18:50:00.000,129.4450821370623,2.780549782320671e-27
114,2024-08-08T19:00:00.000,127.81118418206715,2.7805531713057966e-27
115,2024-08-08T19:10:00.000,126.11578398329567,2.780556721291288e-27
116,2024-08-08T19:20:00.000,124.36454116951447,2.7805603882052036e-27
117,2024-08-08T19:30:00.000,122.562602651791,2.7805642426367022e-27
118,2024-08-08T19:40:00.000,120.71463201939478,2.7805682857231726e-27
119,2024-08-08T19:50:00.000,118.82484381734932,2.7805724203003012e-27
120,2024-08-08T20:00:00.000,116.89703997204036,2.7805766603289305e-27
121,2024-08-08T20:10:00.000,114.93464644165272,2.7805809852390153e-27
122,2024-08-08T20:20:00.000,112.94074880284454,2.780585300432757e-27
123,2024-08-08T20:30:00.000,110.91812596344451,2.780588965998045e-27
124,2024-08-08T20:40:00.000,108.86928154024969,2.7805926790842675e-27
125,2024-08-08T20:50:00.000,106.79647268766391,2.7805961270328703e-27
126,2024-08-08T21:00:00.000,104.70173633154259,2.780599386226501e-27
127,2024-08-08T21:10:00.000,102.5869128729056,2.7806026586675585e-27
128,2024-08-08T21:20:00.000,100.45366749460462,2.7806058356343097e-27
129,2024-08-08T21:30:00.000,98.30350924268852,2.7806090377888048e-27
130,2024-08-08T21:40:00.000,96.13780807254054,2.7806123007900023e-27
131,2024-08-08T21:50:00.000,93.95781005464589,2.780615599515306e-27
132,2024-08-08T22:00:00.000,91.76465093090573,2.7806189231004866e-27
133,2024-08-08T22:10:00.000,89.55936820352086,2.7806222736023443e-27
134,2024-08-08T22:20:00.000,87.3429119264619,2.7806256405552397e-27
135,2024-08-08T22:30:00.000,85.11615435686896,2.7806290100359416e-27
136,2024-08-08T22:40:00.000,82.87989861073378,2.7806323938890755e-27
137,2024-08-08T22:50:00.000,80.63488645527649,2.7806357515151213e-27
138,2024-08-08T23:00:00.000,78.38180535957252,2.780639106948918e-27
139,2024-08-08T23:10:00.000,76.12129491605803,2.7806425415159782e-27
140,2024-08-08T23:20:00.000,73.85395273835358,2.780646069266431e-27
141,2024-08-08T23:30:00.000,71.58033993607863,2.7806497143684303e-27
142,2024-08-08T23:40:00.000,69.30098626529275,2.7806538452026403e-27
143,2024-08-08T23:50:00.000,67.01639505398157,2.7806579855287567e-27
