mX_MeV,sigma_e_cm2,source_file
0.01,7.45684e-37,blinded_light_mediator_srdm_good_channelized_interpolated_snolabrun1_solar.csv
0.010353050248455783,1.8491639760469713e-38,damic_srdm_2026.csv
0.010718564944705036,4.064824007713935e-39,cdex10_solar.csv
0.011096984146386792,4.5325924579194075e-39,cdex10_solar.csv
0.011488763447385968,5.0067383670694565e-39,cdex10_solar.csv
0.011894374526340895,5.4417666091304644e-39,cdex10_solar.csv
0.012314305714515975,5.928524242614321e-39,cdex10_solar.csv
0.01274906258372301,6.500615154954642e-39,cdex10_solar.csv
0.013199168554999184,7.17706219990238e-39,cdex10_solar.csv
0.013665165528774406,7.965407205148748e-39,cdex10_solar.csv
0.014147614537286728,8.971055491026375e-39,cdex10_solar.csv
0.014647096420031301,9.969775288605157e-39,cdex10_solar.csv
0.015164212523056081,1.1027731174795915e-38,cdex10_solar.csv
0.015699585422946208,1.2281361989902267e-38,cdex10_solar.csv
0.016253859676368602,1.3723583375096135e-38,cdex10_solar.csv
0.016827702596079342,1.4782114043359996e-38,cdex10_solar.csv
0.017421805054327926,1.6425455190000911e-38,cdex10_solar.csv
0.018036882314625795,1.8220554119677802e-38,cdex10_solar.csv
0.01867367489288043,2.0950169320780015e-38,cdex10_solar.csv
0.019332949448931817,2.3814820662998484e-38,cdex10_solar.csv
0.020015499709564677,2.659120045702239e-38,cdex10_solar.csv
0.020722147424107513,2.946580080906026e-38,cdex10_solar.csv
0.02145374335376937,3.301244568954796e-38,cdex10_solar.csv
0.022211168295904856,3.8152537474913186e-38,cdex10_solar.csv
0.0229953341444411,4.3536227238717796e-38,cdex10_solar.csv
0.02380718498774297,4.864067183767895e-38,cdex10_solar.csv
0.024647698245238516,5.359935354907166e-38,cdex10_solar.csv
0.02551788584417298,5.922586028324113e-38,cdex10_solar.csv
0.026418795437908125,6.63451359046576e-38,cdex10_solar.csv
0.02735151166723374,7.514547327801602e-38,cdex10_solar.csv
0.02831715746620954,8.496402017922433e-38,cdex10_solar.csv
0.02931689541411022,9.406653921308416e-38,cdex10_solar.csv
0.030351929135100604,1.0475808974288838e-37,cdex10_solar.csv
0.03142350474732657,1.1860819917286394e-37,cdex10_solar.csv
0.03253291236316608,1.3612933686203805e-37,cdex10_solar.csv
0.03368148764244666,1.60302897190554e-37,cdex10_solar.csv
0.0348706134004993,1.7580516706745945e-37,cdex10_solar.csv
0.03610172127298447,1.896818958383022e-37,damic_srdm_2026.csv
0.03737629343949533,2.0209161648909626e-37,damic_srdm_2026.csv
0.03869586440801234,2.156007644251537e-37,damic_srdm_2026.csv
0.04006202286235835,2.299638161064072e-37,damic_srdm_2026.csv
0.04147641357487804,2.4514017310613595e-37,damic_srdm_2026.csv
0.04294073938664459,2.6119953597135007e-37,damic_srdm_2026.csv
0.04445676325757758,2.790401728629503e-37,damic_srdm_2026.csv
0.04602631038894033,2.979314230859919e-37,damic_srdm_2026.csv
0.0476512704207722,3.1764246322454877e-37,damic_srdm_2026.csv
0.049333599706900905,3.3910715512839597e-37,damic_srdm_2026.csv
0.05107532367027486,3.618849080337989e-37,damic_srdm_2026.csv
0.05287853924144987,3.858463942529932e-37,damic_srdm_2026.csv
0.05474541738316715,4.10977057381999e-37,damic_srdm_2026.csv
0.05667820570406142,4.385842996191653e-37,damic_srdm_2026.csv
0.05867923116464608,4.68124505947907e-37,damic_srdm_2026.csv
0.06075090287883338,4.99524109144627e-37,damic_srdm_2026.csv
0.06289571501436188,5.327652359977254e-37,damic_srdm_2026.csv
0.06511624979562435,5.691013474019879e-37,damic_srdm_2026.csv
0.06741518061250974,6.0704682495606395e-37,damic_srdm_2026.csv
0.06979527523900356,6.473201029137602e-37,damic_srdm_2026.csv
0.07225939916542055,6.910831032322914e-37,damic_srdm_2026.csv
0.07481051904828229,7.372333484994932e-37,damic_srdm_2026.csv
0.07745170628199251,7.862258529839674e-37,damic_srdm_2026.csv
0.08018614069661066,8.384754125383033e-37,damic_srdm_2026.csv
0.08301711438617558,8.948345909505037e-37,damic_srdm_2026.csv
0.08594803567218769,9.545757955032663e-37,damic_srdm_2026.csv
0.08898243320702293,1.018510897069945e-36,damic_srdm_2026.csv
0.09212396022221689,1.0866903793357965e-36,damic_srdm_2026.csv
0.09537639892673533,1.1587749118639868e-36,damic_srdm_2026.csv
0.09874366506052551,1.2389499351722125e-36,damic_srdm_2026.csv
0.10222981260883084,1.326121936899423e-36,damic_srdm_2026.csv
0.10583903868294443,1.4206844963969881e-36,damic_srdm_2026.csv
0.10957568857327786,1.5248398721571385e-36,damic_srdm_2026.csv
0.11344426098082878,1.638242235141383e-36,damic_srdm_2026.csv
0.11744941343334522,1.758277868888735e-36,damic_srdm_2026.csv
0.12159596789270807,1.8849279847769048e-36,damic_srdm_2026.csv
0.12588891656028228,2.023350892006477e-36,damic_srdm_2026.csv
0.130333427887226,2.1720933500058102e-36,damic_srdm_2026.csv
0.1349348527969939,2.3305957289994507e-36,damic_srdm_2026.csv
0.13969873112752618,2.4993897283388076e-36,damic_srdm_2026.csv
0.14463079830087924,2.6844925094064793e-36,damic_srdm_2026.csv
0.14973699222832762,2.8811066885214222e-36,damic_srdm_2026.csv
0.1550234604592509,3.091515604720411e-36,damic_srdm_2026.csv
0.1604965675824123,3.31804213674235e-36,damic_srdm_2026.csv
0.1661629028885394,3.562531809202108e-36,damic_srdm_2026.csv
0.1720292883034327,3.824126691766121e-36,damic_srdm_2026.csv
0.17810278660115256,4.104301378000991e-36,damic_srdm_2026.csv
0.184390709907173,4.4053119031001055e-36,damic_srdm_2026.csv
0.19090062850173947,4.723621361133583e-36,damic_srdm_2026.csv
0.19764037993402991,5.0677847264428115e-36,damic_srdm_2026.csv
0.20461807845809038,5.438738500879418e-36,damic_srdm_2026.csv
0.21184212480190778,5.838287718445482e-36,damic_srdm_2026.csv
0.21932121628137924,6.271305467562945e-36,damic_srdm_2026.csv
0.2270643572713558,6.732512280717974e-36,damic_srdm_2026.csv
0.2350808700463663,7.22324474688174e-36,damic_srdm_2026.csv
0.24338040600407332,7.747714997968568e-36,damic_srdm_2026.csv
0.2519729572849741,8.317735720228257e-36,damic_srdm_2026.csv
0.26086886880233395,8.925163593948612e-36,damic_srdm_2026.csv
0.27007885069683824,9.573798402269149e-36,damic_srdm_2026.csv
0.27961399123095537,1.0279502821352667e-35,damic_srdm_2026.csv
0.2894857701385356,1.1041060178739313e-35,damic_srdm_2026.csv
0.299706072445718,1.184701273537683e-35,damic_srdm_2026.csv
0.3102872027797848,1.270116910818826e-35,damic_srdm_2026.csv
0.3212419001831901,1.363270925243222e-35,damic_srdm_2026.csv
0.33258335345059825,1.463531992221087e-35,damic_srdm_2026.csv
0.3443252170073974,1.5706879894071275e-35,damic_srdm_2026.csv
0.35648162734880273,1.6850768451168076e-35,damic_srdm_2026.csv
0.3690672200593444,1.8080363242738515e-35,damic_srdm_2026.csv
0.3820971474332281,1.9414088854997016e-35,damic_srdm_2026.csv
0.3955870967167828,2.0844238120486746e-35,damic_srdm_2026.csv
0.40955330899495906,2.237192125931218e-35,damic_srdm_2026.csv
0.4240125987446147,2.4018274277960829e-35,damic_srdm_2026.csv
0.43898237407813157,2.5799920913468793e-35,damic_srdm_2026.csv
0.45448065770173096,2.771200356150101e-35,damic_srdm_2026.csv
0.4705261086137254,2.9755424353482753e-35,damic_srdm_2026.csv
0.48713804456882626,3.1904101747311055e-35,damic_srdm_2026.csv
0.5043364653355551,3.3891285983985504e-35,damic_srdm_2026.csv
0.5221420767747581,3.57040411239089e-35,damic_srdm_2026.csv
0.5405763157682129,3.731077020546029e-35,damic_srdm_2026.csv
0.5596613760273408,3.9116633635671506e-35,damic_srdm_2026.csv
0.5794202348130963,4.1047292682383253e-35,damic_srdm_2026.csv
0.5998766805992035,4.3037835259090516e-35,damic_srdm_2026.csv
0.6210553417120415,4.427919729318138e-35,xenon1t_srdm.csv
0.6429817159816643,4.29766441826501e-35,xenon1t_srdm.csv
0.6656822014396495,4.3104037228905405e-35,xenon1t_srdm.csv
0.6891841281007357,4.445774629386577e-35,xenon1t_srdm.csv
0.7135157908665104,4.765337192374404e-35,xenon1t_srdm.csv
0.7387064835907646,5.133770534187641e-35,xenon1t_srdm.csv
0.7647865343475264,5.447915761777477e-35,xenon1t_srdm.csv
0.7917873419442296,5.774088479798841e-35,xenon1t_srdm.csv
0.8197414137239851,5.959717869883135e-35,xenon1t_srdm.csv
0.8486824047024599,6.13296978771079e-35,xenon1t_srdm.csv
0.8786451580864855,6.312598248587455e-35,xenon1t_srdm.csv
0.909665747223176,6.516357107646188e-35,xenon1t_srdm.csv
0.9417815190300618,6.721965195553551e-35,xenon1t_srdm.csv
0.9750311389585247,6.890420301954017e-35,xenon1t_srdm.csv
1.0094546375446674,7.089832882787472e-35,xenon1t_srdm.csv
1.0450934586036669,7.405578560220464e-35,xenon1t_srdm.csv
1.0819905091256201,7.977294588595795e-35,xenon1t_srdm.csv
1.1201902109329807,8.517968352409885e-35,xenon1t_srdm.csv
1.1597385541617427,9.014363665019529e-35,xenon1t_srdm.csv
1.2006831526307975,9.839795657584783e-35,xenon1t_srdm.csv
1.2430733011660957,1.0556990722185207e-34,xenon1t_srdm.csv
1.2869600349486392,1.126466322328209e-34,xenon1t_srdm.csv
1.332396190957768,1.1953969717072488e-34,xenon1t_srdm.csv
1.3794364715836853,1.1937126984779759e-34,xenon1t_srdm.csv
1.428137510485845,1.2145973160163427e-34,xenon1t_srdm.csv
1.4785579407764495,1.2477772779391067e-34,xenon1t_srdm.csv
1.5307584656111883,1.2796759857293376e-34,xenon1t_srdm.csv
1.5848019312721715,1.3348026888240093e-34,xenon1t_srdm.csv
1.6407534028310553,1.399479840193795e-34,xenon1t_srdm.csv
1.698680242483474,1.4652056719055167e-34,xenon1t_srdm.csv
1.758652190649045,1.5264945013884473e-34,xenon1t_srdm.csv
1.8207414499346415,1.6091993180355248e-34,xenon1t_srdm.csv
1.8850227720619572,1.6766088056041247e-34,xenon1t_srdm.csv
1.9515735478640848,1.7590466689801669e-34,xenon1t_srdm.csv
2.020473900459401,1.862556762991799e-34,xenon1t_srdm.csv
2.0918067817149617,1.9134097377198633e-34,xenon1t_srdm.csv
2.1656580721155585,1.98487239701303e-34,xenon1t_srdm.csv
2.2421166841586246,2.0690678146303088e-34,xenon1t_srdm.csv
2.3212746693995316,2.150492445862958e-34,xenon1t_srdm.csv
2.403227329276093,2.2329820746561994e-34,xenon1t_srdm.csv
2.4880733298457596,2.3159547362159532e-34,xenon1t_srdm.csv
2.5759148205735833,2.3923311407821588e-34,xenon1t_srdm.csv
2.6668575573140263,2.481754335512876e-34,xenon1t_srdm.csv
2.7610110296346178,3.0806457783602326e-34,xenon_nt_2025_solar_d1.csv
2.858488592634782,3.1852523066113362e-34,xenon_nt_2025_solar_d1.csv
2.959407603418557,1.1337403817776078e-33,cdex10_solar.csv
3.063889562385441,1.183171859080481e-33,cdex10_solar.csv
3.172060259509569,1.2334950096854935e-33,cdex10_solar.csv
3.2840499257832243,1.2846328106640018e-33,cdex10_solar.csv
3.399993390007123,1.3637408679869525e-33,cdex10_solar.csv
3.5200302411161246,1.4482234253195966e-33,cdex10_solar.csv
3.6443049962359146,1.5372365917855313e-33,cdex10_solar.csv
3.772967274672891,1.6391460144137234e-33,cdex10_solar.csv
3.9061719780467694,1.7508307684530517e-33,cdex10_solar.csv
4.044079476782815,1.8657339917027176e-33,cdex10_solar.csv
4.186855803188124,1.9656916648214954e-33,cdex10_solar.csv
4.3346728513445365,2.070239973547166e-33,cdex10_solar.csv
4.487708584058707,2.1819695231536415e-33,cdex10_solar.csv
4.646147247118613,2.2996650443280726e-33,cdex10_solar.csv
4.810179591114353,2.41536127819689e-33,cdex10_solar.csv
4.980003101090337,2.5385009622480985e-33,cdex10_solar.csv
5.155822234305391,2.6772690223831408e-33,cdex10_solar.csv
5.337848666386925,2.8337871053588465e-33,cdex10_solar.csv
5.526301546175656,2.9919050018894953e-33,cdex10_solar.csv
5.721407759567542,3.153270338089268e-33,cdex10_solar.csv
5.923402202670757,3.323282895616538e-33,cdex10_solar.csv
6.132528064606404,3.523060147000632e-33,cdex10_solar.csv
6.349037120293537,3.738849461847764e-33,cdex10_solar.csv
6.573190033571003,3.9718767003487266e-33,cdex10_solar.csv
6.805256671020932,4.208417199166776e-33,cdex10_solar.csv
7.045516426871867,4.505290419453719e-33,cdex10_solar.csv
7.294258559372505,4.809785493348389e-33,cdex10_solar.csv
7.551782539041228,5.121021781740231e-33,cdex10_solar.csv
7.81839840921048,5.484231467210586e-33,cdex10_solar.csv
8.094427159300281,5.91579066145302e-33,cdex10_solar.csv
8.380201111270107,6.358523150400957e-33,cdex10_solar.csv
8.676064319714436,6.803344566539936e-33,cdex10_solar.csv
8.982372986083796,6.998618412180421e-33,cdex10_solar.csv
9.299495887529732,7.191435082622584e-33,cdex10_solar.csv
9.627814820890327,7.401790559518861e-33,cdex10_solar.csv
9.967725062350482,7.909223671515639e-33,cdex10_solar.csv
